Workbook

Sheet Test Cases
A1: Excalidraw Editor: Test
A2: 22 test cases across 8 sections, grouped by section. Project: Excalidraw Editor (Web) | Created by: Olympiah | Expected results are inferred from docs and behaviour; items marked (verify) are confirmed in exploratory sessions.
A4: Section | B4: Test ID | C4: Feature / Functionality | D4: Test Title | E4: Type | F4: Prerequisite | G4: Test Data | H4: Test Steps | I4: Expected Result | J4: Priority | K4: Status | L4: Notes | M4: Risk Map Ref | N4: Automation
A5: Drawing tools | B5: EX-001 | C5: Rectangle tool | D5: Draw a rectangle with the toolbar | E5: Functional | F5: 1. Excalidraw loaded in Chromium. 2. Blank canvas (storage cleared). | G5: N/A | H5: 1. Click the Rectangle tool in the toolbar. 2. Press and hold the mouse at (300,300). 3. Drag to (500,420) and release. | I5: One rectangle element is created, roughly 200x120, and is selected. The active tool returns to Selection (default behaviour, verify). | J5: P1 | K5: Pass | L5: User can draw a rectangle by selecting the tool and dragging on the canvas. | M5: R4 Transforms | N5: Automate
A6: Drawing tools | B6: EX-002 | C6: Shape shortcuts | D6: Draw each core shape with keyboard shortcuts | E6: Functional | F6: 1. Excalidraw loaded in Chromium. 2. Blank canvas (storage cleared). | G6: Shortcuts: R, D, O, A, L, T | H6: 1. Press R, then drag on canvas. 2. Press D, then drag on canvas. 3. Press O, then drag on canvas. 4. Press A, then drag on canvas. 5. Press L, then drag on canvas. | I6: Five elements are created with types rectangle, diamond, ellipse, arrow, line in that order. | J6: P1 | K6: Pass | L6: Shape tools can be activated by shortcut and produce the correct element type. | M6: R8 Shortcuts | N6: Automate
A7: Drawing tools | B7: EX-003 | C7: Text tool | D7: Create text on the canvas | E7: Functional | F7: 1. Excalidraw loaded in Chromium. 2. Blank canvas (storage cleared). | G7: Text: Hello QA | H7: 1. Press T. 2. Click on canvas at (300,300). 3. Type 'Hello QA'. 4. Press Escape. | I7: A text element containing 'Hello QA' exists. It is not lost when edit mode ends. | J7: P2 | K7: Pass | L7: User can add text with the Text tool and it is kept after leaving edit mode. | M7: R7 Text/binding | N7: Automate
A8: Drawing tools | B8: EX-004 | C8: Drag creation | D8: Tiny drag does not create a broken shape (edge case) | E8: Negative | F8: 1. Excalidraw loaded in Chromium. 2. Blank canvas (storage cleared). | G8: Drag distance: 1-2 px | H8: 1. Press R. 2. Press mouse at (300,300). 3. Move 1 px and release. | I8: Either no element is created or a valid element is created. No invalid/zero-size element remains in the saved scene (expected behaviour to verify). | J8: P2 | K8: Pass | L8: A near-zero drag should not leave a corrupted or invisible element. Tiny drag (1-2px) → a small valid element was created (that little square/dot near 786,701) ✅ one of the accepted outcomes Click with no drag → nothing was created ✅ also fine, and consistent behavior | M8: R4 Transforms | N8: Manual
A9: Selection and grouping | B9: EX-005 | C9: Multi-select | D9: Multi-select with Shift+click | E9: Functional | F9: 1. Excalidraw loaded. 2. Three shapes drawn on canvas. | G9: Fixture scene: 3 rectangles | H9: 1. Click the first rectangle. 2. Hold Shift and click the second rectangle. 3. Hold Shift and click the third rectangle. | I9: All three rectangles are selected and a single selection bounding box surrounds them. | J9: P1 | K9: Pass | L9: User can select several elements with Shift held. | M9: R3 Selection | N9: Automate
A10: Selection and grouping | B10: EX-006 | C10: Grouping | D10: Group and ungroup elements | E10: Functional | F10: 1. Excalidraw loaded. 2. Two shapes selected. | G10: Fixture scene: 2 rectangles | H10: 1. Draw two shapes on the canvas (e.g., two rectangles). 2. Click the first shape, then hold Shift and click the second shape so both are selected. 3. Press Ctrl+G to group them. 4. Click on empty canvas to deselect, then click on either one of the shapes. 5. Press Ctrl+Shift+G to ungroup. 6. Click on empty canvas to deselect, then click on one shape only. | I10: After grouping, clicking either shape selects the whole group. After ungrouping, clicking selects only the clicked shape. Element positions do not change. | J10: P1 | K10: Pass | L10: Grouping keeps elements together and ungrouping restores independence. | M10: R3 Selection | N10: Automate
A11: Selection and grouping | B11: EX-007 | C11: Selection clear | D11: Click empty canvas clears selection | E11: Functional | F11: 1. Excalidraw loaded. 2. One shape selected. | G11: Fixture scene: 1 rectangle | H11: 1. Click on an empty area of the canvas. | I11: No element remains selected and the properties panel is hidden. | J11: P2 | K11: Pass | L11: Selection is cleared when the user clicks empty space. | M11: R3 Selection | N11: Automate
A12: Transform: move, resize, rotate | B12: EX-008 | C12: Move | D12: Move an element by dragging | E12: Functional | F12: 1. Excalidraw loaded. 2. One rectangle drawn. | G12: Fixture scene: 1 rectangle at (300,300) | H12: 1. Press and hold on the rectangle border or fill. 2. Drag +150 px in x and +100 px in y. 3. Release. | I12: Element x/y in the scene increase by about 150 and 100. Width and height are unchanged. | J12: P1 | K12: Pass | L12: Dragging a selected element moves it by the drag distance. | M12: R4 Transforms | N12: Automate
A13: Transform: move, resize, rotate | B13: EX-009 | C13: Resize | D13: Resize an element with a corner handle | E13: Functional | F13: 1. Excalidraw loaded. 2. One rectangle selected. | G13: Fixture scene: 1 rectangle 200x120 | H13: 1. Drag the bottom-right handle by +100 px, +60 px. | I13: Width and height increase by about 100 and 60. The top-left corner does not move. | J13: P1 | K13: Pass | L13: Dragging a corner handle changes size without moving the opposite corner. | M13: R4 Transforms | N13: Automate
A14: Transform: move, resize, rotate | B14: EX-010 | C14: Rotate | D14: Rotate an element with the rotation handle | E14: UI | F14: 1. Excalidraw loaded. 2. One rectangle selected. | G14: Fixture scene: 1 rectangle | H14: 1. Drag the rotation handle(circle) to rotate the rectangle roughly 90 degrees clockwise. | I14: Element angle in the scene is about 1.57 rad (90 degrees). Position and size are unchanged. | J14: P2 | K14: Pass | L14: Rotation handle changes the element angle. | M14: R4 Transforms | N14: Automate
A15: Undo / redo | B15: EX-011 | C15: Undo/redo basic | D15: Undo and redo a single drawing action | E15: Functional | F15: 1. Excalidraw loaded in Chromium. 2. Blank canvas (storage cleared). | G15: N/A | H15: 1. Draw a rectangle. 2. Press Ctrl+Z. 3. Press Ctrl+Shift+Z. | I15: After undo the canvas is empty. After redo the rectangle is back with the same position and size. | J15: P1 | K15: Pass | L15: Undo removes the last drawn shape and redo restores it. | M15: R2 Undo/redo | N15: Automate
... A26: Keyboard shortcuts and deletion | B26: EX-022 | C26: Delete | D26: Delete removes selected element | E26: Functional | F26: 1. Excalidraw loaded. 2. One shape selected. | G26: Fixture scene: 1 rectangle | H26: 1. Press Delete. | I26: The element is removed from the canvas and from the saved scene (marked deleted or absent). | J26: P2 | K26: Pass | L26: Delete key removes the selection. | M26: R4 Transforms | N26: Automate

Sheet Summary
A1: Summary
A2: All counts are formulas over the Test Cases sheet. Update Status there as you execute tests.
A4: Section | B4: Total | C4: Not Run | D4: Pass | E4: Fail | F4: Blocked | G4: Skipped | H4: % Executed
A5: Drawing tools | B5: =COUNTIF('Test Cases'!$A$5:$A$26,$A5) -> 4 | C5: =COUNTIFS('Test Cases'!$A$5:$A$26,$A5,'Test Cases'!$K$5:$K$26,"Not Run") -> 0 | D5: =COUNTIFS('Test Cases'!$A$5:$A$26,$A5,'Test Cases'!$K$5:$K$26,"Pass") -> 4 | E5: =COUNTIFS('Test Cases'!$A$5:$A$26,$A5,'Test Cases'!$K$5:$K$26,"Fail") -> 0 | F5: =COUNTIFS('Test Cases'!$A$5:$A$26,$A5,'Test Cases'!$K$5:$K$26,"Blocked") -> 0 | G5: =COUNTIFS('Test Cases'!$A$5:$A$26,$A5,'Test Cases'!$K$5:$K$26,"Skipped") -> 0 | H5: =IF(B5=0,0,(B5-C5)/B5) -> 1
A6: Selection and grouping | B6: =COUNTIF('Test Cases'!$A$5:$A$26,$A6) -> 3 | C6: =COUNTIFS('Test Cases'!$A$5:$A$26,$A6,'Test Cases'!$K$5:$K$26,"Not Run") -> 0 | D6: =COUNTIFS('Test Cases'!$A$5:$A$26,$A6,'Test Cases'!$K$5:$K$26,"Pass") -> 3 | E6: =COUNTIFS('Test Cases'!$A$5:$A$26,$A6,'Test Cases'!$K$5:$K$26,"Fail") -> 0 | F6: =COUNTIFS('Test Cases'!$A$5:$A$26,$A6,'Test Cases'!$K$5:$K$26,"Blocked") -> 0 | G6: =COUNTIFS('Test Cases'!$A$5:$A$26,$A6,'Test Cases'!$K$5:$K$26,"Skipped") -> 0 | H6: =IF(B6=0,0,(B6-C6)/B6) -> 1
A7: Transform: move, resize, rotate | B7: =COUNTIF('Test Cases'!$A$5:$A$26,$A7) -> 3 | C7: =COUNTIFS('Test Cases'!$A$5:$A$26,$A7,'Test Cases'!$K$5:$K$26,"Not Run") -> 0 | D7: =COUNTIFS('Test Cases'!$A$5:$A$26,$A7,'Test Cases'!$K$5:$K$26,"Pass") -> 3 | E7: =COUNTIFS('Test Cases'!$A$5:$A$26,$A7,'Test Cases'!$K$5:$K$26,"Fail") -> 0 | F7: =COUNTIFS('Test Cases'!$A$5:$A$26,$A7,'Test Cases'!$K$5:$K$26,"Blocked") -> 0 | G7: =COUNTIFS('Test Cases'!$A$5:$A$26,$A7,'Test Cases'!$K$5:$K$26,"Skipped") -> 0 | H7: =IF(B7=0,0,(B7-C7)/B7) -> 1
A8: Undo / redo | B8: =COUNTIF('Test Cases'!$A$5:$A$26,$A8) -> 4 | C8: =COUNTIFS('Test Cases'!$A$5:$A$26,$A8,'Test Cases'!$K$5:$K$26,"Not Run") -> 0 | D8: =COUNTIFS('Test Cases'!$A$5:$A$26,$A8,'Test Cases'!$K$5:$K$26,"Pass") -> 4 | E8: =COUNTIFS('Test Cases'!$A$5:$A$26,$A8,'Test Cases'!$K$5:$K$26,"Fail") -> 0 | F8: =COUNTIFS('Test Cases'!$A$5:$A$26,$A8,'Test Cases'!$K$5:$K$26,"Blocked") -> 0 | G8: =COUNTIFS('Test Cases'!$A$5:$A$26,$A8,'Test Cases'!$K$5:$K$26,"Skipped") -> 0 | H8: =IF(B8=0,0,(B8-C8)/B8) -> 1
A9: Autosave and reload persistence | B9: =COUNTIF('Test Cases'!$A$5:$A$26,$A9) -> 2 | C9: =COUNTIFS('Test Cases'!$A$5:$A$26,$A9,'Test Cases'!$K$5:$K$26,"Not Run") -> 0 | D9: =COUNTIFS('Test Cases'!$A$5:$A$26,$A9,'Test Cases'!$K$5:$K$26,"Pass") -> 2 | E9: =COUNTIFS('Test Cases'!$A$5:$A$26,$A9,'Test Cases'!$K$5:$K$26,"Fail") -> 0 | F9: =COUNTIFS('Test Cases'!$A$5:$A$26,$A9,'Test Cases'!$K$5:$K$26,"Blocked") -> 0 | G9: =COUNTIFS('Test Cases'!$A$5:$A$26,$A9,'Test Cases'!$K$5:$K$26,"Skipped") -> 0 | H9: =IF(B9=0,0,(B9-C9)/B9) -> 1
A10: Export / import | B10: =COUNTIF('Test Cases'!$A$5:$A$26,$A10) -> 2 | C10: =COUNTIFS('Test Cases'!$A$5:$A$26,$A10,'Test Cases'!$K$5:$K$26,"Not Run") -> 0 | D10: =COUNTIFS('Test Cases'!$A$5:$A$26,$A10,'Test Cases'!$K$5:$K$26,"Pass") -> 2 | E10: =COUNTIFS('Test Cases'!$A$5:$A$26,$A10,'Test Cases'!$K$5:$K$26,"Fail") -> 0 | F10: =COUNTIFS('Test Cases'!$A$5:$A$26,$A10,'Test Cases'!$K$5:$K$26,"Blocked") -> 0 | G10: =COUNTIFS('Test Cases'!$A$5:$A$26,$A10,'Test Cases'!$K$5:$K$26,"Skipped") -> 0 | H10: =IF(B10=0,0,(B10-C10)/B10) -> 1
A11: Copy, paste, duplicate | B11: =COUNTIF('Test Cases'!$A$5:$A$26,$A11) -> 2 | C11: =COUNTIFS('Test Cases'!$A$5:$A$26,$A11,'Test Cases'!$K$5:$K$26,"Not Run") -> 0 | D11: =COUNTIFS('Test Cases'!$A$5:$A$26,$A11,'Test Cases'!$K$5:$K$26,"Pass") -> 2 | E11: =COUNTIFS('Test Cases'!$A$5:$A$26,$A11,'Test Cases'!$K$5:$K$26,"Fail") -> 0 | F11: =COUNTIFS('Test Cases'!$A$5:$A$26,$A11,'Test Cases'!$K$5:$K$26,"Blocked") -> 0 | G11: =COUNTIFS('Test Cases'!$A$5:$A$26,$A11,'Test Cases'!$K$5:$K$26,"Skipped") -> 0 | H11: =IF(B11=0,0,(B11-C11)/B11) -> 1
A12: Keyboard shortcuts and deletion | B12: =COUNTIF('Test Cases'!$A$5:$A$26,$A12) -> 2 | C12: =COUNTIFS('Test Cases'!$A$5:$A$26,$A12,'Test Cases'!$K$5:$K$26,"Not Run") -> 0 | D12: =COUNTIFS('Test Cases'!$A$5:$A$26,$A12,'Test Cases'!$K$5:$K$26,"Pass") -> 2 | E12: =COUNTIFS('Test Cases'!$A$5:$A$26,$A12,'Test Cases'!$K$5:$K$26,"Fail") -> 0 | F12: =COUNTIFS('Test Cases'!$A$5:$A$26,$A12,'Test Cases'!$K$5:$K$26,"Blocked") -> 0 | G12: =COUNTIFS('Test Cases'!$A$5:$A$26,$A12,'Test Cases'!$K$5:$K$26,"Skipped") -> 0 | H12: =IF(B12=0,0,(B12-C12)/B12) -> 1
A13: Total | B13: =SUM(B5:B12) -> 22 | C13: =SUM(C5:C12) -> 0 | D13: =SUM(D5:D12) -> 22 | E13: =SUM(E5:E12) -> 0 | F13: =SUM(F5:F12) -> 0 | G13: =SUM(G5:G12) -> 0 | H13: =IF(B13=0,0,(B13-C13)/B13) -> 1
A16: By priority
A17: Priority | B17: Total | C17: Not Run | D17: Pass | E17: Fail
A18: P1 | B18: =COUNTIF('Test Cases'!$J$5:$J$26,$A18) -> 11 | C18: =COUNTIFS('Test Cases'!$J$5:$J$26,$A18,'Test Cases'!$K$5:$K$26,"Not Run") -> 0 | D18: =COUNTIFS('Test Cases'!$J$5:$J$26,$A18,'Test Cases'!$K$5:$K$26,"Pass") -> 11 | E18: =COUNTIFS('Test Cases'!$J$5:$J$26,$A18,'Test Cases'!$K$5:$K$26,"Fail") -> 0
A19: P2 | B19: =COUNTIF('Test Cases'!$J$5:$J$26,$A19) -> 11 | C19: =COUNTIFS('Test Cases'!$J$5:$J$26,$A19,'Test Cases'!$K$5:$K$26,"Not Run") -> 0 | D19: =COUNTIFS('Test Cases'!$J$5:$J$26,$A19,'Test Cases'!$K$5:$K$26,"Pass") -> 11 | E19: =COUNTIFS('Test Cases'!$J$5:$J$26,$A19,'Test Cases'!$K$5:$K$26,"Fail") -> 0
A20: P3 | B20: =COUNTIF('Test Cases'!$J$5:$J$26,$A20) -> 0 | C20: =COUNTIFS('Test Cases'!$J$5:$J$26,$A20,'Test Cases'!$K$5:$K$26,"Not Run") -> 0 | D20: =COUNTIFS('Test Cases'!$J$5:$J$26,$A20,'Test Cases'!$K$5:$K$26,"Pass") -> 0 | E20: =COUNTIFS('Test Cases'!$J$5:$J$26,$A20,'Test Cases'!$K$5:$K$26,"Fail") -> 0
A23: By automation status
A24: Automate | B24: =COUNTIF('Test Cases'!$N$5:$N$26,A24) -> 18
A25: Manual | B25: =COUNTIF('Test Cases'!$N$5:$N$26,A25) -> 3
A26: Automate + visual | B26: =COUNTIF('Test Cases'!$N$5:$N$26,A26) -> 1
